{"ID":1,"UserID":3,"OpType":1,"ActUserID":3,"ActUserName":"lando","RepoID":1,"RepoUserName":"lando","RepoName":"test-repo-git","RefName":"","IsPrivate":false,"Content":"","CreatedUnix":1731378476}
{"ID":2,"UserID":3,"OpType":16,"ActUserID":3,"ActUserName":"lando","RepoID":1,"RepoUserName":"lando","RepoName":"test-repo-git","RefName":"main","IsPrivate":false,"Content":"{\"Len\":6,\"Commits\":[{\"Sha1\":\"b4c2d9c2fa92df683b877799899709d36495f6cb\",\"Message\":\"mozphab: point to local phabricator.test instance (bug 1864902)\\n\",\"AuthorEmail\":\"lando@mozila.bugs\",\"AuthorName\":\"Lando\",\"CommitterEmail\":\"lando@mozila.bugs\",\"CommitterName\":\"Lando\",\"Timestamp\":\"2024-11-12T03:56:33Z\"},{\"Sha1\":\"05c9e04f3c954cea8704d880bdf5f477f88cc23e\",\"Message\":\"update .arcconfig\\n\\nDifferential Revision: https://phabricator-dev.allizom.org/D3671\\n\",\"AuthorEmail\":\"zeid@mozilla.com\",\"AuthorName\":\"Zeid Zabaneh\",\"CommitterEmail\":\"lando@example.org\",\"CommitterName\":\"Lando\",\"Timestamp\":\"2024-06-28T20:05:32Z\"},{\"Sha1\":\"7a64728ffc21d68eb260b61cc28170e18522cac4\",\"Message\":\"test commit\\n\\nDifferential Revision: http://phabricator.test/D6\\n\",\"AuthorEmail\":\"zeid@mozilla.com\",\"AuthorName\":\"Zeid\",\"CommitterEmail\":\"lando@example.org\",\"CommitterName\":\"Lando\",\"Timestamp\":\"2024-04-26T16:41:29Z\"},{\"Sha1\":\"5591f029c1240117c99331148e09573c00dc0f48\",\"Message\":\"add .arcconfig\\n\",\"AuthorEmail\":\"zeid@mozilla.com\",\"AuthorName\":\"Zeid Zabaneh\",\"CommitterEmail\":\"zeid@mozilla.com\",\"CommitterName\":\"Zeid Zabaneh\",\"Timestamp\":\"2024-04-26T15:39:04Z\"},{\"Sha1\":\"92233f09658a263bc8c1199b9c279c178ae2a026\",\"Message\":\"test commit\\n\\nthis is just a test commit\\n\",\"AuthorEmail\":\"zeid@mozilla.com\",\"AuthorName\":\"Zeid Zabaneh\",\"CommitterEmail\":\"lando@lando.local\",\"CommitterName\":\"Lando\",\"Timestamp\":\"2023-11-30T20:33:42Z\"}],\"CompareURL\":\"\"}","CreatedUnix":1731383815}
{"ID":3,"UserID":3,"OpType":5,"ActUserID":3,"ActUserName":"lando","RepoID":1,"RepoUserName":"lando","RepoName":"test-repo-git","RefName":"main","IsPrivate":false,"Content":"{\"Len\":6,\"Commits\":[{\"Sha1\":\"b4c2d9c2fa92df683b877799899709d36495f6cb\",\"Message\":\"mozphab: point to local phabricator.test instance (bug 1864902)\\n\",\"AuthorEmail\":\"lando@mozila.bugs\",\"AuthorName\":\"Lando\",\"CommitterEmail\":\"lando@mozila.bugs\",\"CommitterName\":\"Lando\",\"Timestamp\":\"2024-11-12T03:56:33Z\"},{\"Sha1\":\"05c9e04f3c954cea8704d880bdf5f477f88cc23e\",\"Message\":\"update .arcconfig\\n\\nDifferential Revision: https://phabricator-dev.allizom.org/D3671\\n\",\"AuthorEmail\":\"zeid@mozilla.com\",\"AuthorName\":\"Zeid Zabaneh\",\"CommitterEmail\":\"lando@example.org\",\"CommitterName\":\"Lando\",\"Timestamp\":\"2024-06-28T20:05:32Z\"},{\"Sha1\":\"7a64728ffc21d68eb260b61cc28170e18522cac4\",\"Message\":\"test commit\\n\\nDifferential Revision: http://phabricator.test/D6\\n\",\"AuthorEmail\":\"zeid@mozilla.com\",\"AuthorName\":\"Zeid\",\"CommitterEmail\":\"lando@example.org\",\"CommitterName\":\"Lando\",\"Timestamp\":\"2024-04-26T16:41:29Z\"},{\"Sha1\":\"5591f029c1240117c99331148e09573c00dc0f48\",\"Message\":\"add .arcconfig\\n\",\"AuthorEmail\":\"zeid@mozilla.com\",\"AuthorName\":\"Zeid Zabaneh\",\"CommitterEmail\":\"zeid@mozilla.com\",\"CommitterName\":\"Zeid Zabaneh\",\"Timestamp\":\"2024-04-26T15:39:04Z\"},{\"Sha1\":\"92233f09658a263bc8c1199b9c279c178ae2a026\",\"Message\":\"test commit\\n\\nthis is just a test commit\\n\",\"AuthorEmail\":\"zeid@mozilla.com\",\"AuthorName\":\"Zeid Zabaneh\",\"CommitterEmail\":\"lando@lando.local\",\"CommitterName\":\"Lando\",\"Timestamp\":\"2023-11-30T20:33:42Z\"}],\"CompareURL\":\"\"}","CreatedUnix":1731383815}
{"ID":4,"UserID":3,"OpType":5,"ActUserID":3,"ActUserName":"lando","RepoID":1,"RepoUserName":"lando","RepoName":"test-repo-git","RefName":"main","IsPrivate":false,"Content":"{\"Len\":1,\"Commits\":[{\"Sha1\":\"2a0701b795a645787bc8e2a89beb0a2fe592c838\",\"Message\":\"Bug 1 - doc: add provenance info\\n\\nDifferential Revision: http://phabricator.test/D23\",\"AuthorEmail\":\"lando@mozila.bugs\",\"AuthorName\":\"Lando\",\"CommitterEmail\":\"lando@mozila.bugs\",\"CommitterName\":\"Lando\",\"Timestamp\":\"2024-11-12T03:58:53Z\"}],\"CompareURL\":\"lando/test-repo-git/compare/b4c2d9c2fa92df683b877799899709d36495f6cb...2a0701b795a645787bc8e2a89beb0a2fe592c838\"}","CreatedUnix":1731384014}
{"ID":5,"UserID":3,"OpType":5,"ActUserID":3,"ActUserName":"lando","RepoID":1,"RepoUserName":"lando","RepoName":"test-repo-git","RefName":"main","IsPrivate":false,"Content":"{\"Len\":4,\"Commits\":[{\"Sha1\":\"abfd05d552c78d0ddd937d4de24ab3196a527497\",\"Message\":\"mozphab: point to local phabricator.test instance (bug 1864902)\\n\",\"AuthorEmail\":\"lando@mozila.bugs\",\"AuthorName\":\"Lando\",\"CommitterEmail\":\"lando@mozila.bugs\",\"CommitterName\":\"Lando\",\"Timestamp\":\"2024-11-12T04:00:45Z\"},{\"Sha1\":\"43bb25cfd884665898f49b8113effd08286b2bfa\",\"Message\":\"doc: add provenance info\\n\\nDifferential Revision: http://phabricator.test/D23\\n\",\"AuthorEmail\":\"lando@mozila.bugs\",\"AuthorName\":\"Lando\",\"CommitterEmail\":\"lando@mozila.bugs\",\"CommitterName\":\"Lando\",\"Timestamp\":\"2024-11-12T04:00:45Z\"},{\"Sha1\":\"2a0701b795a645787bc8e2a89beb0a2fe592c838\",\"Message\":\"Bug 1 - doc: add provenance info\\n\\nDifferential Revision: http://phabricator.test/D23\",\"AuthorEmail\":\"lando@mozila.bugs\",\"AuthorName\":\"Lando\",\"CommitterEmail\":\"lando@mozila.bugs\",\"CommitterName\":\"Lando\",\"Timestamp\":\"2024-11-12T03:58:53Z\"},{\"Sha1\":\"b4c2d9c2fa92df683b877799899709d36495f6cb\",\"Message\":\"mozphab: point to local phabricator.test instance (bug 1864902)\\n\",\"AuthorEmail\":\"lando@mozila.bugs\",\"AuthorName\":\"Lando\",\"CommitterEmail\":\"lando@mozila.bugs\",\"CommitterName\":\"Lando\",\"Timestamp\":\"2024-11-12T03:56:33Z\"}],\"CompareURL\":\"lando/test-repo-git/compare/2a0701b795a645787bc8e2a89beb0a2fe592c838...abfd05d552c78d0ddd937d4de24ab3196a527497\"}","CreatedUnix":1731384062}
