{"ID":1,"OwnerID":3,"LowerName":"test-repo-git","Name":"test-repo-git","Description":"","Website":"","DefaultBranch":"main","Size":98304,"UseCustomAvatar":false,"NumWatches":1,"NumStars":0,"NumForks":0,"NumIssues":0,"NumClosedIssues":0,"NumPulls":0,"NumClosedPulls":0,"NumMilestones":0,"NumClosedMilestones":0,"IsPrivate":false,"IsUnlisted":false,"IsBare":false,"IsMirror":false,"EnableWiki":true,"AllowPublicWiki":false,"EnableExternalWiki":false,"ExternalWikiURL":"","EnableIssues":true,"AllowPublicIssues":false,"EnableExternalTracker":false,"ExternalTrackerURL":"","ExternalTrackerFormat":"","ExternalTrackerStyle":"numeric","EnablePulls":true,"PullsIgnoreWhitespace":false,"PullsAllowRebase":false,"IsFork":false,"ForkID":0,"CreatedUnix":1731378476,"UpdatedUnix":1731384062}
