{"ID":1,"LowerName":"git-admin","Name":"git-admin","FullName":"","Email":"admin@git.test","Password":"954f0fb67e8e9d0f0f117187024523e387aed084dd647b4697d3581f974527b255aa5adb61213516c70df2f5e5c3681dfd01","LoginSource":0,"LoginName":"","Type":0,"Location":"","Website":"","Rands":"cqM8fAgZWd","Salt":"9ASTPjDb6M","CreatedUnix":1731378369,"UpdatedUnix":1731378369,"LastRepoVisibility":false,"MaxRepoCreation":-1,"IsActive":true,"IsAdmin":true,"AllowGitHook":false,"AllowImportLocal":false,"ProhibitLogin":false,"Avatar":"50725b63e3bef8206de870153f08ad87","AvatarEmail":"admin@git.test","UseCustomAvatar":false,"NumFollowers":0,"NumFollowing":0,"NumStars":0,"NumRepos":0,"Description":"","NumTeams":0,"NumMembers":0}
{"ID":2,"LowerName":"conduit","Name":"conduit","FullName":"","Email":"conduit@mozilla.bugs","Password":"1f80884b2e90548b2a3ab71a9dc419f421688721db7087d8c956e94ce2bb0e464afa6ae75aa68f8d87b32a4221556e4f156a","LoginSource":0,"LoginName":"","Type":0,"Location":"","Website":"","Rands":"wpMKboG9dE","Salt":"OGjD3c7jjN","CreatedUnix":1731378369,"UpdatedUnix":1731378369,"LastRepoVisibility":false,"MaxRepoCreation":-1,"IsActive":true,"IsAdmin":false,"AllowGitHook":false,"AllowImportLocal":false,"ProhibitLogin":false,"Avatar":"6de15985546d8523f6fa69b25e978e27","AvatarEmail":"conduit@mozilla.bugs","UseCustomAvatar":false,"NumFollowers":0,"NumFollowing":0,"NumStars":0,"NumRepos":0,"Description":"","NumTeams":0,"NumMembers":0}
{"ID":3,"LowerName":"lando","Name":"lando","FullName":"","Email":"lando@mozilla.bugs","Password":"ee31e4d2a425bfd06ed16aaec6e2cbc8d6e5a310d0362843f291bf9839dd408c306b6bee473fc54c06dc2b8d447435c928ee","LoginSource":0,"LoginName":"","Type":0,"Location":"","Website":"","Rands":"IrqXAkElSR","Salt":"YpAlU33uWL","CreatedUnix":1731378369,"UpdatedUnix":1731378476,"LastRepoVisibility":false,"MaxRepoCreation":-1,"IsActive":true,"IsAdmin":false,"AllowGitHook":false,"AllowImportLocal":false,"ProhibitLogin":false,"Avatar":"ff63a9c910854be9153808af1672de45","AvatarEmail":"lando@mozilla.bugs","UseCustomAvatar":false,"NumFollowers":0,"NumFollowing":0,"NumStars":0,"NumRepos":1,"Description":"","NumTeams":0,"NumMembers":0}
